"client_id";"first_name";"last_name";"country";"email";"birth_date"
"929e043e-8ad6-4111-856e-2a4bf52e807e";"929e043e-8ad6-4111-856e-2a4bf52e807e-first-name";"929e043e-8ad6-4111-856e-2a4bf52e807e-last-name";"country05";"929e043e-8ad6-4111-856e-2a4bf52e807e-email";"1997-07-19"
"a2d77249-2e65-4d0c-8580-d6f9cd663c86";"a2d77249-2e65-4d0c-8580-d6f9cd663c86-first-name";"a2d77249-2e65-4d0c-8580-d6f9cd663c86-last-name";"country02";"a2d77249-2e65-4d0c-8580-d6f9cd663c86-email";"1984-01-09"
"3b784415-0ab0-43bd-b33c-b128e76935e1";"3b784415-0ab0-43bd-b33c-b128e76935e1-first-name";"3b784415-0ab0-43bd-b33c-b128e76935e1-last-name";"country06";"3b784415-0ab0-43bd-b33c-b128e76935e1-email";"1994-06-20"
"89defb28-3bda-4765-8122-0d9267bb88b8";"89defb28-3bda-4765-8122-0d9267bb88b8-first-name";"89defb28-3bda-4765-8122-0d9267bb88b8-last-name";"country08";"89defb28-3bda-4765-8122-0d9267bb88b8-email";"1977-08-14"
"afbd219d-cba4-42e0-b664-28748f1b196f";"afbd219d-cba4-42e0-b664-28748f1b196f-first-name";"afbd219d-cba4-42e0-b664-28748f1b196f-last-name";"country05";"afbd219d-cba4-42e0-b664-28748f1b196f-email";"1974-08-11"
"8d4ea352-7626-4457-98fa-28410f53332f";"8d4ea352-7626-4457-98fa-28410f53332f-first-name";"8d4ea352-7626-4457-98fa-28410f53332f-last-name";"country05";"8d4ea352-7626-4457-98fa-28410f53332f-email";"1978-08-14"
"38a09035-c29b-4aca-8fa1-95eb7fd7ee4a";"38a09035-c29b-4aca-8fa1-95eb7fd7ee4a-first-name";"38a09035-c29b-4aca-8fa1-95eb7fd7ee4a-last-name";"country09";"38a09035-c29b-4aca-8fa1-95eb7fd7ee4a-email";"1983-07-01"
"7f5d3109-c18f-44e5-b3b7-f2875e300eb8";"7f5d3109-c18f-44e5-b3b7-f2875e300eb8-first-name";"7f5d3109-c18f-44e5-b3b7-f2875e300eb8-last-name";"country02";"7f5d3109-c18f-44e5-b3b7-f2875e300eb8-email";"1998-11-17"
"8591c18c-6fa8-4b83-8895-9de3499e6fe5";"8591c18c-6fa8-4b83-8895-9de3499e6fe5-first-name";"8591c18c-6fa8-4b83-8895-9de3499e6fe5-last-name";"country08";"8591c18c-6fa8-4b83-8895-9de3499e6fe5-email";"1975-11-12"
"81d13b26-6910-437d-95ac-887373dcc3f0";"81d13b26-6910-437d-95ac-887373dcc3f0-first-name";"81d13b26-6910-437d-95ac-887373dcc3f0-last-name";"country08";"81d13b26-6910-437d-95ac-887373dcc3f0-email";"1985-01-24"
"c604269e-62db-4d36-a808-cdb42fe3fe03";"c604269e-62db-4d36-a808-cdb42fe3fe03-first-name";"c604269e-62db-4d36-a808-cdb42fe3fe03-last-name";"country00";"c604269e-62db-4d36-a808-cdb42fe3fe03-email";"1984-04-16"
"77cc36a0-3cb7-40fe-a768-288083f28ea2";"77cc36a0-3cb7-40fe-a768-288083f28ea2-first-name";"77cc36a0-3cb7-40fe-a768-288083f28ea2-last-name";"country06";"77cc36a0-3cb7-40fe-a768-288083f28ea2-email";"1978-05-04"
"1e8486f3-ee73-426d-8e05-a2c3aa9f731b";"1e8486f3-ee73-426d-8e05-a2c3aa9f731b-first-name";"1e8486f3-ee73-426d-8e05-a2c3aa9f731b-last-name";"country09";"1e8486f3-ee73-426d-8e05-a2c3aa9f731b-email";"1974-08-25"
"2093f47c-303f-4a7a-b25c-9fca649139f6";"2093f47c-303f-4a7a-b25c-9fca649139f6-first-name";"2093f47c-303f-4a7a-b25c-9fca649139f6-last-name";"country00";"2093f47c-303f-4a7a-b25c-9fca649139f6-email";"1992-06-03"
"602fd31c-32a8-4cda-9822-5e560dd4a43e";"602fd31c-32a8-4cda-9822-5e560dd4a43e-first-name";"602fd31c-32a8-4cda-9822-5e560dd4a43e-last-name";"country06";"602fd31c-32a8-4cda-9822-5e560dd4a43e-email";"1981-04-03"
"2abdb81f-0bec-4cc3-9240-a958fd9b90b6";"2abdb81f-0bec-4cc3-9240-a958fd9b90b6-first-name";"2abdb81f-0bec-4cc3-9240-a958fd9b90b6-last-name";"country01";"2abdb81f-0bec-4cc3-9240-a958fd9b90b6-email";"1970-01-19"
"c0d5d271-6645-4dec-8411-b833b7890eb9";"c0d5d271-6645-4dec-8411-b833b7890eb9-first-name";"c0d5d271-6645-4dec-8411-b833b7890eb9-last-name";"country04";"c0d5d271-6645-4dec-8411-b833b7890eb9-email";"1993-04-06"
"a7931f3a-776c-4686-80ae-d4a4015dac88";"a7931f3a-776c-4686-80ae-d4a4015dac88-first-name";"a7931f3a-776c-4686-80ae-d4a4015dac88-last-name";"country02";"a7931f3a-776c-4686-80ae-d4a4015dac88-email";"1987-08-02"
"079bc1cd-7d99-4b52-8925-60c688c88f9f";"079bc1cd-7d99-4b52-8925-60c688c88f9f-first-name";"079bc1cd-7d99-4b52-8925-60c688c88f9f-last-name";"country06";"079bc1cd-7d99-4b52-8925-60c688c88f9f-email";"1989-07-25"
"8a537f07-9652-49b7-a11f-7356a1f6d1ba";"8a537f07-9652-49b7-a11f-7356a1f6d1ba-first-name";"8a537f07-9652-49b7-a11f-7356a1f6d1ba-last-name";"country03";"8a537f07-9652-49b7-a11f-7356a1f6d1ba-email";"1985-07-21"
"078f4d31-b31b-4fcb-abfc-c43b11c73413";"078f4d31-b31b-4fcb-abfc-c43b11c73413-first-name";"078f4d31-b31b-4fcb-abfc-c43b11c73413-last-name";"country07";"078f4d31-b31b-4fcb-abfc-c43b11c73413-email";"1973-06-09"
"2490c8f5-ca2d-46a0-b45d-21552383a4ad";"2490c8f5-ca2d-46a0-b45d-21552383a4ad-first-name";"2490c8f5-ca2d-46a0-b45d-21552383a4ad-last-name";"country00";"2490c8f5-ca2d-46a0-b45d-21552383a4ad-email";"1979-10-17"
"11333319-1210-404c-b17e-d9bb4b447f22";"11333319-1210-404c-b17e-d9bb4b447f22-first-name";"11333319-1210-404c-b17e-d9bb4b447f22-last-name";"country05";"11333319-1210-404c-b17e-d9bb4b447f22-email";"1998-05-27"
"69e17c95-735e-4649-bc3c-51118966d717";"69e17c95-735e-4649-bc3c-51118966d717-first-name";"69e17c95-735e-4649-bc3c-51118966d717-last-name";"country05";"69e17c95-735e-4649-bc3c-51118966d717-email";"1988-09-24"
"cdb5f04f-989b-4b00-a515-0674c1e66371";"cdb5f04f-989b-4b00-a515-0674c1e66371-first-name";"cdb5f04f-989b-4b00-a515-0674c1e66371-last-name";"country02";"cdb5f04f-989b-4b00-a515-0674c1e66371-email";"2000-10-13"
"3051eccd-9c3e-43ad-93be-9092308c3aec";"3051eccd-9c3e-43ad-93be-9092308c3aec-first-name";"3051eccd-9c3e-43ad-93be-9092308c3aec-last-name";"country06";"3051eccd-9c3e-43ad-93be-9092308c3aec-email";"1993-11-21"
"52241d51-2f6b-4f25-ba02-ab9fbe87ccbc";"52241d51-2f6b-4f25-ba02-ab9fbe87ccbc-first-name";"52241d51-2f6b-4f25-ba02-ab9fbe87ccbc-last-name";"country01";"52241d51-2f6b-4f25-ba02-ab9fbe87ccbc-email";"1977-02-10"
"ab3d02b2-b2ed-4fe0-9ea7-ec0e467e224d";"ab3d02b2-b2ed-4fe0-9ea7-ec0e467e224d-first-name";"ab3d02b2-b2ed-4fe0-9ea7-ec0e467e224d-last-name";"country06";"ab3d02b2-b2ed-4fe0-9ea7-ec0e467e224d-email";"1996-08-21"
"b4ede9fa-9913-459a-9365-bded17f839de";"b4ede9fa-9913-459a-9365-bded17f839de-first-name";"b4ede9fa-9913-459a-9365-bded17f839de-last-name";"country02";"b4ede9fa-9913-459a-9365-bded17f839de-email";"1990-11-26"
"cebba0a6-ad04-4828-9627-42eec75f80be";"cebba0a6-ad04-4828-9627-42eec75f80be-first-name";"cebba0a6-ad04-4828-9627-42eec75f80be-last-name";"country02";"cebba0a6-ad04-4828-9627-42eec75f80be-email";"1971-10-02"
"2e0a4d08-59b1-4e39-bf60-c7e6e47bc9df";"2e0a4d08-59b1-4e39-bf60-c7e6e47bc9df-first-name";"2e0a4d08-59b1-4e39-bf60-c7e6e47bc9df-last-name";"country00";"2e0a4d08-59b1-4e39-bf60-c7e6e47bc9df-email";"1982-07-02"
"46e67ba3-0608-4c5a-9633-faa946ead155";"46e67ba3-0608-4c5a-9633-faa946ead155-first-name";"46e67ba3-0608-4c5a-9633-faa946ead155-last-name";"country02";"46e67ba3-0608-4c5a-9633-faa946ead155-email";"1993-02-27"
"b845905c-f5b3-46e7-b56b-f54133114486";"b845905c-f5b3-46e7-b56b-f54133114486-first-name";"b845905c-f5b3-46e7-b56b-f54133114486-last-name";"country04";"b845905c-f5b3-46e7-b56b-f54133114486-email";"1978-01-18"
"fd424729-5131-492a-8a0e-7347bfaf2318";"fd424729-5131-492a-8a0e-7347bfaf2318-first-name";"fd424729-5131-492a-8a0e-7347bfaf2318-last-name";"country07";"fd424729-5131-492a-8a0e-7347bfaf2318-email";"1976-07-16"
"d273f73e-789b-4bbf-8b03-3c3a3b6fc34c";"d273f73e-789b-4bbf-8b03-3c3a3b6fc34c-first-name";"d273f73e-789b-4bbf-8b03-3c3a3b6fc34c-last-name";"country05";"d273f73e-789b-4bbf-8b03-3c3a3b6fc34c-email";"1996-02-26"
"ac9d1425-8f43-4727-8647-3cc776524ba7";"ac9d1425-8f43-4727-8647-3cc776524ba7-first-name";"ac9d1425-8f43-4727-8647-3cc776524ba7-last-name";"country07";"ac9d1425-8f43-4727-8647-3cc776524ba7-email";"1983-04-08"
"da76619c-b684-4728-bdd4-695153587414";"da76619c-b684-4728-bdd4-695153587414-first-name";"da76619c-b684-4728-bdd4-695153587414-last-name";"country09";"da76619c-b684-4728-bdd4-695153587414-email";"1997-07-04"
"4a3982a3-7028-48b1-aff2-5a265e10cac8";"4a3982a3-7028-48b1-aff2-5a265e10cac8-first-name";"4a3982a3-7028-48b1-aff2-5a265e10cac8-last-name";"country09";"4a3982a3-7028-48b1-aff2-5a265e10cac8-email";"1998-08-10"
"95881865-a57f-4265-821b-0fd9330ea707";"95881865-a57f-4265-821b-0fd9330ea707-first-name";"95881865-a57f-4265-821b-0fd9330ea707-last-name";"country02";"95881865-a57f-4265-821b-0fd9330ea707-email";"1976-06-26"
"6c28b253-4f67-4fa5-aca6-0325df30c5d3";"6c28b253-4f67-4fa5-aca6-0325df30c5d3-first-name";"6c28b253-4f67-4fa5-aca6-0325df30c5d3-last-name";"country05";"6c28b253-4f67-4fa5-aca6-0325df30c5d3-email";"1980-01-21"
"a31f8f56-c187-45a8-bca3-65541a06f28e";"a31f8f56-c187-45a8-bca3-65541a06f28e-first-name";"a31f8f56-c187-45a8-bca3-65541a06f28e-last-name";"country07";"a31f8f56-c187-45a8-bca3-65541a06f28e-email";"2000-03-21"
"92df2e52-8d94-4291-9ac3-e2e5466dc5e1";"92df2e52-8d94-4291-9ac3-e2e5466dc5e1-first-name";"92df2e52-8d94-4291-9ac3-e2e5466dc5e1-last-name";"country02";"92df2e52-8d94-4291-9ac3-e2e5466dc5e1-email";"1977-05-27"
"b87f33e1-1681-4e3b-9ec7-be2684e4c059";"b87f33e1-1681-4e3b-9ec7-be2684e4c059-first-name";"b87f33e1-1681-4e3b-9ec7-be2684e4c059-last-name";"country08";"b87f33e1-1681-4e3b-9ec7-be2684e4c059-email";"1978-02-01"
"c6104a93-1358-47be-ab75-11015da49348";"c6104a93-1358-47be-ab75-11015da49348-first-name";"c6104a93-1358-47be-ab75-11015da49348-last-name";"country07";"c6104a93-1358-47be-ab75-11015da49348-email";"1999-05-22"
"1871bab7-e087-436a-afd2-76431fe30e00";"1871bab7-e087-436a-afd2-76431fe30e00-first-name";"1871bab7-e087-436a-afd2-76431fe30e00-last-name";"country07";"1871bab7-e087-436a-afd2-76431fe30e00-email";"1989-03-19"
"896ff9a3-3a2e-4ce4-8358-a79bc006e714";"896ff9a3-3a2e-4ce4-8358-a79bc006e714-first-name";"896ff9a3-3a2e-4ce4-8358-a79bc006e714-last-name";"country02";"896ff9a3-3a2e-4ce4-8358-a79bc006e714-email";"1985-09-27"
"00f24b14-8e75-4fb7-96cd-fab22ad7ff60";"00f24b14-8e75-4fb7-96cd-fab22ad7ff60-first-name";"00f24b14-8e75-4fb7-96cd-fab22ad7ff60-last-name";"country04";"00f24b14-8e75-4fb7-96cd-fab22ad7ff60-email";"1984-08-23"
"50b2295e-f749-4b66-adc2-9acb5280146c";"50b2295e-f749-4b66-adc2-9acb5280146c-first-name";"50b2295e-f749-4b66-adc2-9acb5280146c-last-name";"country08";"50b2295e-f749-4b66-adc2-9acb5280146c-email";"1983-10-13"
"6bd0d805-1d54-4497-b3e1-7b3a60f65ed0";"6bd0d805-1d54-4497-b3e1-7b3a60f65ed0-first-name";"6bd0d805-1d54-4497-b3e1-7b3a60f65ed0-last-name";"country06";"6bd0d805-1d54-4497-b3e1-7b3a60f65ed0-email";"1973-10-26"
"52112119-f62a-40ec-a989-dfdba195216c";"52112119-f62a-40ec-a989-dfdba195216c-first-name";"52112119-f62a-40ec-a989-dfdba195216c-last-name";"country03";"52112119-f62a-40ec-a989-dfdba195216c-email";"2000-03-01"
